1696890618062,GET,79,200
1696890618062,GET,79,200
1696890618062,GET,79,200
1696890618062,GET,79,200
1696890618062,GET,79,200
1696890618062,GET,79,200
1696890618062,GET,79,200
1696890618062,GET,79,200
1696890618062,GET,79,200
1696890618062,GET,79,200
1696890618142,POST,3,200
1696890618142,POST,3,200
1696890618142,POST,3,200
1696890618142,POST,4,200
1696890618143,POST,3,200
1696890618143,POST,3,200
1696890618143,POST,4,200
1696890618144,POST,3,200
1696890618146,GET,2,200
1696890618143,POST,5,200
1696890618145,GET,4,200
1696890618143,POST,6,200
1696890618146,GET,3,200
1696890618146,GET,3,200
1696890618147,GET,2,200
1696890618149,GET,2,200
1696890618149,GET,2,200
1696890618147,GET,5,200
1696890618149,POST,3,200
1696890618150,GET,3,200
1696890618150,POST,3,200
1696890618150,POST,3,200
1696890618150,POST,4,200
1696890618149,GET,5,200
1696890618152,POST,3,200
1696890618152,POST,3,200
1696890618153,POST,2,200
1696890618150,POST,6,200
1696890618153,POST,3,200
1696890618155,GET,2,200
1696890618154,GET,3,200
1696890618154,GET,4,200
1696890618156,GET,2,200
1696890618153,GET,6,200
1696890618157,GET,2,200
1696890618157,POST,2,200
1696890618158,GET,2,200
1696890618155,POST,5,200
1696890618158,POST,3,200
1696890618156,GET,6,200
1696890618159,POST,3,200
1696890618156,GET,6,200
1696890618159,POST,3,200
1696890618158,POST,4,200
1696890618157,POST,5,200
1696890618160,GET,2,200
1696890618160,POST,2,200
1696890618160,GET,3,200
1696890618163,GET,2,200
1696890618161,GET,4,200
1696890618163,POST,2,200
1696890618163,POST,2,200
1696890618163,GET,3,200
1696890618163,GET,3,200
1696890618163,GET,3,200
1696890618163,GET,3,200
1696890618163,POST,3,200
1696890618163,POST,4,200
1696890618166,POST,2,200
1696890618166,POST,2,200
1696890618166,POST,2,200
1696890618166,GET,3,200
1696890618166,POST,3,200
1696890618165,POST,4,200
1696890618167,GET,3,200
1696890618168,GET,2,200
1696890618167,POST,4,200
1696890618167,GET,4,200
1696890618169,GET,2,200
1696890618169,GET,3,200
1696890618169,GET,3,200
1696890618173,POST,1,200
1696890618169,POST,6,200
1696890618170,GET,6,200
1696890618171,GET,5,200
1696890618175,GET,2,200
1696890618176,POST,1,200
1696890618171,POST,6,200
1696890618172,GET,5,200
1696890618173,POST,5,200
1696890618172,POST,6,200
1696890618172,POST,6,200
1696890618173,POST,6,200
1696890618178,POST,2,200
1696890618175,GET,5,200
1696890618176,POST,5,200
1696890618177,POST,4,200
1696890618178,GET,3,200
1696890618178,GET,5,200
1696890618179,GET,4,200
1696890618178,GET,5,200
1696890618180,GET,3,200
1696890618179,GET,5,200
1696890618181,GET,3,200
1696890618181,POST,3,200
1696890618181,GET,4,200
1696890618182,POST,4,200
1696890618182,GET,4,200
1696890618184,POST,2,200
1696890618183,POST,4,200
1696890618183,POST,4,200
1696890618184,POST,3,200
1696890618183,POST,5,200
1696890618184,POST,5,200
1696890618187,GET,2,200
1696890618184,GET,5,200
1696890618185,POST,5,200
1696890618186,GET,4,200
1696890618190,GET,2,200
1696890618191,POST,1,200
1696890618186,GET,7,200
1696890618186,POST,7,200
1696890618187,GET,6,200
1696890618192,POST,2,200
1696890618189,GET,5,200
1696890618187,GET,7,200
1696890618194,POST,1,200
1696890618189,GET,7,200
1696890618194,GET,2,200
1696890618189,POST,7,200
1696890618195,POST,1,200
1696890618192,GET,4,200
1696890618190,POST,7,200
1696890618193,POST,4,200
1696890618194,POST,3,200
1696890618193,GET,4,200
1696890618196,POST,2,200
1696890618196,GET,2,200
1696890618196,POST,3,200
1696890618197,GET,2,200
1696890618197,GET,3,200
1696890618198,POST,2,200
1696890618197,GET,4,200
1696890618199,GET,2,200
1696890618198,POST,3,200
1696890618199,GET,2,200
1696890618199,POST,2,200
1696890618197,GET,4,200
1696890618199,GET,3,200
1696890618200,POST,2,200
1696890618201,GET,2,200
1696890618201,GET,2,200
1696890618201,POST,3,200
1696890618201,POST,3,200
1696890618202,POST,2,200
1696890618202,GET,2,200
1696890618201,POST,3,200
1696890618203,POST,2,200
1696890618202,POST,3,200
1696890618203,GET,8,200
1696890618204,POST,7,200
1696890618205,GET,7,200
1696890618204,GET,8,200
1696890618210,GET,3,200
1696890618204,POST,9,200
1696890618205,POST,9,200
1696890618210,GET,4,200
1696890618205,GET,9,200
1696890618204,GET,10,200
1696890618213,POST,3,200
1696890618214,POST,2,200
1696890618212,POST,4,200
1696890618213,GET,4,200
1696890618215,GET,2,200
1696890618213,POST,4,200
1696890618214,POST,4,200
1696890618214,GET,4,200
1696890618215,POST,3,200
1696890618216,POST,3,200
1696890618217,GET,3,200
1696890618216,GET,4,200
1696890618218,POST,2,200
1696890618218,GET,3,200
1696890618219,POST,2,200
1696890618219,POST,2,200
1696890618220,GET,2,200
1696890618220,POST,3,200
1696890618217,GET,6,200
1696890618221,GET,2,200
1696890618221,POST,2,200
1696890618220,GET,4,200
1696890618222,GET,3,200
1696890618222,POST,3,200
1696890618222,GET,3,200
1696890618222,GET,3,200
1696890618221,POST,4,200
1696890618224,GET,2,200
1696890618224,POST,3,200
1696890618225,GET,2,200
1696890618225,POST,2,200
1696890618225,POST,2,200
1696890618225,POST,2,200
1696890618226,POST,2,200
1696890618226,GET,2,200
1696890618226,GET,3,200
1696890618226,POST,3,200
1696890618227,GET,2,200
1696890618227,POST,3,200
1696890618228,GET,2,200
1696890618228,GET,2,200
1696890618228,GET,3,200
1696890618229,GET,3,200
1696890618227,POST,5,200
1696890618229,POST,3,200
1696890618230,POST,2,200
1696890618230,POST,2,200
1696890618230,POST,3,200
1696890618230,POST,4,200
1696890618231,POST,3,200
1696890618231,GET,4,200
1696890618232,GET,3,200
1696890618232,POST,3,200
1696890618233,GET,2,200
1696890618230,GET,7,200
1696890618236,POST,2,200
1696890618238,GET,1,200
1696890618233,GET,7,200
1696890618234,GET,6,200
1696890618235,POST,5,200
1696890618233,GET,7,200
1696890618235,GET,6,200
1696890618235,GET,6,200
1696890618237,POST,4,200
1696890618236,GET,5,200
1696890618235,POST,6,200
1696890618240,POST,3,200
1696890618241,GET,2,200
1696890618241,POST,3,200
1696890618242,POST,2,200
1696890618241,POST,4,200
1696890618241,POST,4,200
1696890618242,GET,3,200
1696890618242,GET,3,200
1696890618241,POST,4,200
1696890618243,POST,3,200
1696890618245,GET,2,200
1696890618246,POST,1,200
1696890618244,GET,4,200
1696890618245,GET,3,200
1696890618246,POST,2,200
1696890618245,GET,3,200
1696890618244,POST,5,200
1696890618245,GET,4,200
1696890618246,GET,4,200
1696890618249,POST,3,200
1696890618250,POST,3,200
1696890618251,GET,3,200
1696890618251,POST,4,200
1696890618251,GET,4,200
1696890618248,POST,8,200
1696890618248,GET,9,200
1696890618250,GET,7,200
1696890618252,GET,6,200
1696890618249,POST,9,200
1696890618250,POST,8,200
1696890618255,GET,4,200
1696890618255,POST,4,200
1696890618256,GET,4,200
1696890618258,POST,2,200
1696890618257,GET,4,200
1696890618257,POST,4,200
1696890618259,GET,3,200
1696890618259,GET,3,200
1696890618259,POST,3,200
1696890618260,POST,2,200
1696890618260,POST,3,200
1696890618258,POST,5,200
1696890618261,GET,3,200
1696890618263,POST,1,200
1696890618261,GET,3,200
1696890618262,POST,3,200
1696890618263,POST,3,200
1696890618265,GET,1,200
1696890618262,GET,4,200
1696890618264,GET,3,200
1696890618264,GET,3,200
1696890618264,GET,4,200
1696890618265,POST,3,200
1696890618266,GET,3,200
1696890618266,POST,4,200
1696890618267,POST,3,200
1696890618267,GET,3,200
1696890618267,GET,3,200
1696890618268,POST,3,200
1696890618270,GET,2,200
1696890618270,POST,2,200
1696890618267,POST,5,200
1696890618268,POST,5,200
1696890618269,POST,5,200
1696890618270,POST,4,200
1696890618270,GET,5,200
1696890618274,GET,2,200
1696890618272,POST,4,200
1696890618273,GET,3,200
1696890618271,GET,7,200
1696890618273,GET,5,200
1696890618274,GET,4,200
1696890618274,GET,5,200
1696890618276,GET,3,200
1696890618273,POST,6,200
1696890618277,POST,3,200
1696890618277,POST,3,200
1696890618277,GET,3,200
1696890618276,POST,5,200
1696890618279,POST,3,200
1696890618279,POST,3,200
1696890618279,POST,4,200
1696890618280,POST,4,200
1696890618281,GET,3,200
1696890618281,GET,3,200
1696890618281,GET,3,200
1696890618281,GET,4,200
1696890618280,POST,5,200
1696890618282,POST,4,200
1696890618284,GET,3,200
1696890618283,GET,4,200
1696890618285,POST,3,200
1696890618285,GET,3,200
1696890618285,GET,4,200
1696890618286,POST,3,200
1696890618285,POST,5,200
1696890618285,GET,5,200
1696890618286,POST,4,200
1696890618288,POST,2,200
1696890618287,GET,4,200
1696890618288,POST,3,200
1696890618291,GET,2,200
1696890618289,POST,5,200
1696890618289,GET,5,200
1696890618292,POST,2,200
1696890618291,GET,3,200
1696890618291,GET,4,200
1696890618291,POST,4,200
1696890618289,GET,7,200
1696890618292,GET,5,200
1696890618295,POST,3,200
1696890618294,POST,4,200
1696890618292,POST,6,200
1696890618295,GET,4,200
1696890618296,POST,3,200
1696890618295,POST,5,200
1696890618296,GET,4,200
1696890618298,GET,3,200
1696890618296,GET,5,200
1696890618299,GET,3,200
1696890618299,POST,3,200
1696890618299,POST,5,200
1696890618300,GET,4,200
1696890618301,POST,4,200
1696890618300,GET,6,200
1696890618300,GET,6,200
1696890618302,POST,5,200
1696890618302,POST,5,200
1696890618304,POST,4,200
1696890618305,POST,4,200
1696890618304,GET,5,200
1696890618306,GET,4,200
1696890618306,POST,4,200
1696890618308,POST,3,200
1696890618307,GET,4,200
1696890618308,GET,4,200
1696890618307,POST,6,200
1696890618310,POST,4,200
1696890618309,GET,5,200
1696890618310,GET,4,200
1696890618311,POST,5,200
1696890618308,GET,8,200
1696890618312,POST,5,200
1696890618312,GET,5,200
1696890618314,POST,4,200
1696890618310,GET,8,200
1696890618315,GET,4,200
1696890618315,POST,5,200
1696890618315,POST,5,200
1696890618316,GET,4,200
1696890618317,POST,3,200
1696890618316,GET,5,200
1696890618318,POST,5,200
1696890618320,GET,3,200
1696890618318,GET,5,200
1696890618320,GET,3,200
1696890618320,POST,3,200
1696890618321,GET,3,200
1696890618320,GET,4,200
1696890618320,POST,5,200
1696890618324,GET,2,200
1696890618323,GET,4,200
1696890618321,POST,6,200
1696890618324,POST,3,200
1696890618324,POST,4,200
1696890618325,GET,4,200
1696890618326,POST,3,200
1696890618326,POST,4,200
1696890618324,POST,6,200
1696890618326,POST,4,200
1696890618328,GET,3,200
1696890618327,POST,5,200
1696890618328,POST,5,200
1696890618329,GET,5,200
1696890618331,POST,5,200
1696890618332,GET,4,200
1696890618332,GET,5,200
1696890618333,GET,4,200
1696890618333,GET,5,200
1696890618332,GET,7,200
1696890618334,GET,5,200
1696890618331,GET,9,200
1696890618334,POST,7,200
1696890618336,GET,5,200
1696890618338,POST,4,200
1696890618337,POST,5,200
1696890618340,POST,3,200
1696890618341,POST,3,200
1696890618340,POST,4,200
1696890618337,POST,7,200
1696890618342,POST,2,200
1696890618339,POST,6,200
1696890618342,GET,3,200
1696890618342,GET,4,200
1696890618344,GET,3,200
1696890618345,GET,3,200
1696890618344,POST,4,200
1696890618344,GET,4,200
1696890618345,GET,3,200
1696890618345,GET,4,200
1696890618346,POST,3,200
1696890618346,GET,5,200
1696890618348,POST,4,200
1696890618347,GET,5,200
1696890618350,POST,4,200
1696890618350,POST,4,200
1696890618350,POST,4,200
1696890618351,POST,3,200
1696890618351,GET,4,200
1696890618350,GET,5,200
1696890618352,POST,4,200
1696890618349,POST,7,200
1696890618354,POST,3,200
1696890618352,GET,6,200
1696890618355,GET,3,200
1696890618355,GET,4,200
1696890618355,GET,4,200
1696890618356,GET,3,200
1696890618356,POST,4,200
1696890618356,POST,4,200
1696890618358,GET,4,200
1696890618360,POST,3,200
1696890618360,POST,3,200
1696890618361,GET,3,200
1696890618360,POST,4,200
1696890618360,POST,4,200
1696890618356,GET,9,200
1696890618360,POST,5,200
1696890618362,GET,3,200
1696890618357,GET,9,200
1696890618364,GET,3,200
1696890618363,POST,5,200
1696890618364,GET,4,200
1696890618365,POST,4,200
1696890618365,GET,4,200
1696890618366,POST,3,200
1696890618366,GET,4,200
1696890618367,POST,3,200
1696890618366,GET,5,200
1696890618367,POST,5,200
1696890618369,GET,3,200
1696890618368,POST,5,200
1696890618370,GET,3,200
1696890618371,GET,3,200
1696890618370,POST,6,200
1696890618372,GET,5,200
1696890618370,POST,7,200
1696890618373,POST,4,200
1696890618371,POST,6,200
1696890618372,POST,6,200
1696890618373,GET,5,200
1696890618375,POST,4,200
1696890618375,POST,4,200
1696890618377,GET,3,200
1696890618378,GET,3,200
1696890618373,GET,8,200
1696890618378,POST,4,200
1696890618378,GET,4,200
1696890618379,GET,4,200
1696890618378,GET,5,200
1696890618380,GET,4,200
1696890618381,GET,3,200
1696890618380,POST,5,200
1696890618381,POST,5,200
1696890618383,GET,4,200
1696890618383,POST,5,200
1696890618385,POST,3,200
1696890618383,POST,6,200
1696890618384,POST,5,200
1696890618384,POST,5,200
1696890618385,POST,6,200
1696890618384,POST,7,200
1696890618387,GET,5,200
1696890618390,GET,3,200
1696890618390,GET,4,200
1696890618387,GET,7,200
1696890618390,GET,5,200
1696890618390,GET,5,200
1696890618392,GET,4,200
1696890618391,GET,5,200
1696890618393,POST,3,200
1696890618392,GET,5,200
1696890618388,POST,9,200
1696890618394,POST,3,200
1696890618396,POST,3,200
1696890618395,POST,4,200
1696890618397,POST,3,200
1696890618397,POST,3,200
1696890618397,POST,3,200
1696890618397,GET,4,200
1696890618396,POST,6,200
1696890618399,GET,3,200
1696890618398,GET,5,200
1696890618399,POST,4,200
1696890618399,GET,4,200
1696890618401,GET,4,200
1696890618403,GET,5,200
1696890618404,POST,4,200
1696890618401,GET,8,200
1696890618404,POST,5,200
1696890618402,GET,7,200
1696890618403,GET,7,200
1696890618402,POST,8,200
1696890618403,GET,8,200
1696890618406,POST,7,200
1696890618411,GET,3,200
1696890618411,POST,5,200
1696890618412,POST,6,200
1696890618411,GET,7,200
1696890618415,POST,4,200
1696890618410,GET,10,200
1696890618416,GET,5,200
1696890618410,POST,12,200
1696890618412,POST,10,200
1696890618413,POST,10,200
1696890618418,GET,6,200
1696890618417,POST,8,200
1696890618420,GET,5,200
1696890618422,POST,5,200
1696890618421,GET,6,200
1696890618422,GET,5,200
1696890618423,POST,6,200
1696890618427,POST,2,200
1696890618425,GET,5,200
1696890618430,GET,2,200
1696890618429,POST,3,200
1696890618427,GET,12,200
1696890618423,GET,16,200
1696890618428,GET,11,200
1696890618430,POST,10,200
1696890618424,POST,16,200
1696890618428,POST,14,200
1696890618428,POST,15,200
1696890618440,GET,4,200
1696890618442,POST,2,200
1696890618439,POST,5,200
1696890618439,POST,6,200
1696890618441,GET,4,200
1696890618439,GET,7,200
1696890618442,POST,5,200
1696890618442,GET,5,200
1696890618444,GET,4,200
1696890618445,POST,4,200
1696890618446,GET,4,200
1696890618445,GET,5,200
1696890618447,POST,3,200
1696890618447,POST,4,200
1696890618446,GET,5,200
1696890618447,GET,4,200
1696890618448,POST,4,200
1696890618449,POST,4,200
1696890618452,POST,2,200
1696890618451,POST,4,200
1696890618451,GET,5,200
1696890618453,GET,3,200
1696890618451,POST,6,200
1696890618452,POST,5,200
1696890618454,GET,4,200
1696890618454,GET,5,200
1696890618457,GET,3,200
1696890618457,POST,3,200
1696890618458,POST,3,200
1696890618459,POST,3,200
1696890618460,POST,4,200
1696890618461,POST,3,200
